"mileage","price","year","color","condition","state","soundSystem"
62495,26500,2008,"Black","Used","FL","Harman Kardon"
51792,41800,2009,"Silver","CPO","SC","Premium"
89511,18998,2007,"Silver","Used","FL","unsp"
102900,21885,2007,"Gray","Used","CA","unsp"
30351,52888,2011,"White","Used","CA","Harman Kardon"
20425,58995,2011,"Black","Used","NC","Harman Kardon"
37274,38000,2010,"Silver","Used","AL","Harman Kardon"
46307,49888,2010,"Black","CPO","CA","unsp"
32905,55999,2011,"Black","CPO","CA","Harman Kardon"
34842,46995,2012,"Black","Used","AL","unsp"
6084,106395,2013,"Silver","New","GA","unsp"
35939,52988,2012,"White","Used","NC","Harman Kardon"
39790,32900,2008,"Gray","Used","CA","Premium"
59042,34995,2008,"White","Used","NJ","Premium"
33893,54948,2011,"Silver","CPO","NJ","Harman Kardon"
27128,47900,2010,"Black","Used","AL","unsp"
38920,51995,2011,"Gray","Used","AL","Premium"
47413,35490,2010,"Silver","Used","CA","unsp"
14712,62714,2013,"Black","CPO","NY","Premium"
26137,48995,2012,"Silver","Used","NY","Premium"
20837,77985,2013,"Black","CPO","CA","unsp"
48460,49900,2012,"Black","Used","NC","Bang Olufsen"
27464,56900,2012,"Silver","Used","IL","Premium"
16734,65900,2012,"Silver","CPO","IL","Premium"
21790,52995,2013,"Gray","Used","TX","Harman Kardon"
17513,59980,2012,"White","CPO","TX","Harman Kardon"
12488,64800,2013,"White","Used","TN","Harman Kardon"
20,112050,2014,"Black","New","CA","unsp"
47719,37991,2007,"Red","Used","FL","unsp"
41880,29888,2008,"White","Used","FL","unsp"
48564,34000,2008,"Gray","Used","NC","unsp"
82294,26991,2007,"Black","Used","NV","Harman Kardon"
114912,19500,2007,"White","Used","FL","Harman Kardon"
91711,23072,2008,"Gray","Used","TN","Harman Kardon"
52543,29981,2008,"Silver","Used","NC","unsp"
25005,42700,2010,"Black","Used","TX","Harman Kardon"
30508,63991,2013,"Gray","Used","CA","unsp"
16729,68900,2013,"Gray","CPO","NC","Premium"
48500,42995,2011,"unsp","Used","TX","unsp"
21141,56900,2011,"Gray","CPO","NY","Bang Olufsen"
38274,43998,2011,"Black","Used","NY","Premium"
30078,47000,2010,"Black","Used","CO","unsp"
31179,59991,2012,"unsp","CPO","CO","Premium"
23088,64995,2012,"Silver","Used","NY","Premium"
42475,49498,2012,"Black","CPO","MA","unsp"
11,107775,2014,"Blue","New","NC","unsp"
10,119625,2014,"Black","New","CA","unsp"
25,123790,2014,"Black","New","DE","unsp"
38231,30991,2007,"Silver","Used","NC","Harman Kardon"
109229,31995,2007,"White","Used","KY","unsp"
38320,42999,2010,"Green","Used","GA","unsp"
29924,49970,2011,"unsp","CPO","CA","unsp"
64908,41989,2011,"Black","Used","FL","Premium"
55540,30900,2009,"Gray","Used","IL","Premium"
29041,49999,2013,"Silver","Used","FL","Premium"
20931,61981,2013,"Black","CPO","PA","Premium"
17519,53917,2012,"Black","Used","FL","Harman Kardon"
20295,69884,2013,"Gray","Used","VA","Premium"
28608,55998,2012,"Black","CPO","MA","unsp"
10888,91988,2014,"Silver","Used","CA","unsp"
17270,96888,2014,"Black","CPO","TX","unsp"
78197,28992,2007,"Black","Used","FL","Premium"
38593,29900,2007,"Silver","Used","HI","unsp"
46781,52991,2011,"Black","CPO","FL","Harman Kardon"
13854,53999,2012,"Blue","Used","FL","unsp"
33810,52994,2012,"Black","CPO","TX","Harman Kardon"
21858,64892,2012,"Silver","CPO","CA","Premium"
65715,32989,2008,"Black","Used","CO","unsp"
42204,31998,2007,"Black","Used","MA","unsp"
41807,38994,2009,"Blue","Used","NJ","Harman Kardon"
14210,126295,2013,"Black","Used","NJ","Premium"
17940,71900,2012,"Black","CPO","IL","Harman Kardon"
7698,62756,2012,"Black","CPO","NY","unsp"
32240,59999,2013,"Gray","Used","FL","Premium"
12,114915,2014,"Black","New","NJ","Premium"
4453,113640,2014,"Black","New","WV","Premium"
109899,21987,2007,"Black","Used","NC","unsp"
120043,25995,2007,"Black","Used","GA","Premium"
106592,25771,2008,"Black","Used","FL","Harman Kardon"
26725,56991,2012,"Black","CPO","TX","Harman Kardon"
6902,58992,2012,"Silver","CPO","CA","Premium"
106555,28993,2008,"White","Used","NY","Harman Kardon"
50000,32995,2008,"Silver","Used","NJ","unsp"
47998,42450,2010,"Black","Used","OH","Premium"
26726,51481,2011,"White","Used","TN","Premium"
23272,56877,2012,"White","Used","MA","unsp"
15117,65888,2013,"Silver","Used","CA","unsp"
26584,61001,2013,"Silver","CPO","NJ","Premium"
7,103935,2014,"Silver","New","CA","Premium"
10,115820,2014,"White","New","GA","unsp"
7,111125,2014,"Silver","New","NY","unsp"
67000,27994,2008,"Black","Used","CA","Premium"
109105,21980,2007,"Silver","Used","TX","Premium"
182952,16888,2008,"Blue","Used","GA","Premium"
15225,51989,2011,"Black","Used","CA","Harman Kardon"
11034,72944,2013,"Black","CPO","CA","Premium"
13357,64900,2013,"White","CPO","CA","Harman Kardon"
25209,62850,2013,"Black","Used","TX","Harman Kardon"
25628,66782,2012,"Black","CPO","CA","unsp"
137765,19995,2007,"White","Used","NJ","Harman Kardon"
68917,34995,2011,"Black","Used","NJ","unsp"
16038,59880,2011,"Black","Used","NJ","Premium"
23290,72501,2013,"Black","CPO","NJ","Premium"
29016,51621,2012,"Black","Used","NY","unsp"
29258,55995,2013,"unsp","Used","NJ","unsp"
47746,52994,2012,"Black","Used","PA","Premium"
9,102721,2014,"Black","New","NC","unsp"
13,123095,2014,"Black","New","CA","unsp"
5,102995,2014,"Black","New","CA","unsp"
7590,113935,2014,"Black","New","MA","unsp"
16,108415,2014,"Black","New","MN","Premium"
25200,29999,2007,"Blue","Used","OH","Premium"
48410,26976,2007,"Black","Used","TX","Harman Kardon"
35375,38988,2010,"Gray","Used","GA","Harman Kardon"
10096,62888,2011,"White","CPO","CA","Harman Kardon"
43811,57964,2011,"Black","Used","CA","Harman Kardon"
49579,41999,2011,"Blue","Used","IL","Harman Kardon"
26318,48878,2010,"White","Used","CA","unsp"
29191,57900,2012,"Green","Used","FL","unsp"
21919,56888,2012,"Silver","Used","TX","Harman Kardon"
22073,52998,2012,"Black","Used","FL","unsp"
68301,27900,2007,"Silver","Used","MA","Premium"
81857,34944,2010,"Black","Used","GA","Premium"
40345,46500,2010,"Black","Used","MA","Harman Kardon"
16618,65001,2013,"Silver","CPO","NJ","Bang Olufsen"
18344,54450,2012,"Black","Used","MD","Premium"
28850,59997,2013,"Black","CPO","TX","Harman Kardon"
26225,57991,2012,"White","Used","OH","Premium"
15705,59950,2012,"Silver","CPO","MO","Harman Kardon"
16,99925,2014,"Black","New","CA","unsp"
7,141035,2014,"Black","New","CA","unsp"
10,101965,2014,"Black","New","FL","Premium"
85,100390,2014,"White","New","CA","unsp"
53,107880,2014,"White","New","OH","Premium"
61069,35486,2009,"Black","Used","NY","Premium"
65891,32990,2007,"Gray","Used","GA","Harman Kardon"
123249,18900,2007,"Black","Used","MI","Harman Kardon"
17885,66942,2012,"Black","CPO","NC","unsp"
16659,55900,2012,"Black","Used","FL","Premium"
9064,65995,2012,"Black","CPO","WA","Harman Kardon"
11998,75877,2013,"Black","Used","SC","Premium"
61681,27581,2007,"White","Used","NJ","unsp"
51777,37995,2008,"Black","Used","MS","unsp"
46874,27998,2007,"White","Used","MA","unsp"
136376,17950,2007,"Black","Used","IL","unsp"
32695,42995,2009,"Black","Used","MA","Premium"
35005,59890,2011,"Black","CPO","NJ","unsp"
17290,68995,2013,"Silver","CPO","MI","Harman Kardon"
18626,70998,2013,"Silver","Used","MA","Harman Kardon"
21281,58942,2012,"Silver","Used","MD","Premium"
5005,94876,2014,"unsp","Used","WI","unsp"
9,111835,2014,"Black","New","KS","Premium"
40041,36450,2008,"White","Used","TX","unsp"
54899,30999,2008,"Black","Used","GA","Premium"
37179,51991,2011,"Black","Used","CA","unsp"
35342,54888,2011,"Black","CPO","CA","Premium"
63012,44995,2010,"Black","Used","TX","Harman Kardon"
56500,37995,2010,"White","CPO","VA","Harman Kardon"
15450,69991,2013,"Black","Used","TX","unsp"
40109,49999,2012,"Silver","Used","GA","Harman Kardon"
22171,63941,2013,"Black","Used","CA","Harman Kardon"
23346,53450,2012,"Black","Used","TX","Harman Kardon"
65231,27900,2008,"Silver","Used","AL","unsp"
64072,29975,2007,"Black","Used","CO","unsp"
86788,34997,2009,"Gray","Used","VA","Premium"
75000,27991,2007,"Black","Used","OH","unsp"
54007,29995,2007,"White","Used","NY","Harman Kardon"
69132,34990,2009,"White","Used","GA","unsp"
69783,41985,2010,"Black","Used","MD","unsp"
46311,49500,2011,"Silver","Used","OH","Premium"
12382,64185,2013,"Black","CPO","NY","Premium"
5,115855,2013,"Silver","New","NY","unsp"
28000,49894,2012,"Black","Used","FL","unsp"
6,103640,2014,"Black","New","CA","unsp"
92,96511,2014,"White","New","CA","unsp"
11,111055,2014,"Black","New","FL","unsp"
10,107220,2014,"White","New","FL","unsp"
30,111835,2014,"Black","New","PA","Premium"
68055,28991,2007,"Black","Used","FL","unsp"
118338,23950,2008,"Black","Used","CA","Harman Kardon"
44256,34988,2008,"Black","Used","GA","unsp"
66925,26996,2007,"unsp","Used","FL","Premium"
64687,31995,2007,"Gray","Used","WA","Harman Kardon"
111820,21900,2007,"Black","Used","TX","Harman Kardon"
42751,46888,2010,"Silver","CPO","AZ","Premium"
38321,46300,2010,"White","Used","CA","Premium"
40259,44995,2012,"Black","Used","AL","Premium"
23477,57988,2012,"Red","CPO","CA","unsp"
14358,75994,2013,"Red","CPO","FL","Premium"
19786,63975,2012,"Black","CPO","CA","unsp"
14036,58995,2012,"Silver","CPO","FL","Premium"
138055,19499,2007,"Black","Used","NY","unsp"
22910,37977,2007,"Beige","Used","LA","Premium"
31574,49995,2011,"Black","Used","TX","Premium"
34889,52450,2012,"Black","Used","TX","Harman Kardon"
8606,56992,2012,"Black","CPO","NY","Premium"
28532,67000,2013,"Silver","Used","OH","Premium"
24040,73995,2013,"Black","CPO","NY","unsp"
31723,49495,2012,"Black","Used","NY","unsp"
26100,55997,2012,"White","Used","IN","Premium"
13,109122,2014,"White","New","CA","unsp"
514,104555,2014,"White","New","PA","Premium"
4569,94500,2014,"White","Used","MO","unsp"
97,125640,2014,"Black","New","PA","Premium"
18,105185,2014,"Black","New","IL","unsp"
127184,17888,2007,"Gray","Used","VA","Harman Kardon"
109948,21990,2007,"Black","Used","TX","unsp"
57108,37824,2009,"Black","Used","LA","Premium"
94308,25488,2007,"Black","Used","VA","Harman Kardon"
30710,46500,2011,"Black","Used","CA","Premium"
46315,46489,2011,"unsp","CPO","AL","Premium"
48284,47231,2011,"Black","CPO","VA","unsp"
39157,49998,2012,"White","CPO","CA","unsp"
23757,59750,2012,"unsp","Used","LA","Harman Kardon"
14500,64995,2013,"Gray","Used","CA","Harman Kardon"
15954,78887,2013,"Black","CPO","GA","Harman Kardon"
28392,56952,2011,"Black","CPO","NC","unsp"
44701,54995,2010,"Black","CPO","VA","unsp"
14592,53999,2013,"White","Used","FL","Premium"
19998,53995,2013,"Black","Used","NY","unsp"
36800,46900,2012,"Black","Used","IL","Harman Kardon"
10276,102980,2014,"White","Used","CA","unsp"
10,106855,2014,"unsp","New","MN","Premium"
8050,96992,2014,"Silver","CPO","IL","unsp"
73947,28992,2008,"Black","Used","TX","Harman Kardon"
42894,32850,2009,"Black","Used","CA","Premium"
97442,22533,2007,"Black","Used","VA","unsp"
23322,49991,2010,"Silver","CPO","FL","Harman Kardon"
18279,59991,2011,"Gray","Used","FL","Harman Kardon"
44939,38900,2010,"Black","Used","TX","unsp"
85587,24500,2008,"Black","Used","VA","Premium"
53767,39995,2009,"White","Used","NY","Premium"
20188,38993,2009,"White","Used","MD","Premium"
10334,49895,2010,"Silver","CPO","NY","unsp"
60364,36942,2011,"Silver","Used","NJ","Harman Kardon"
45734,35999,2011,"Black","Used","FL","Premium"
2704,79900,2013,"Black","Used","NJ","Premium"
10,105635,2014,"Blue","New","GA","unsp"
9,109875,2014,"Gray","New","FL","unsp"
14,99925,2014,"Silver","New","CA","unsp"
7,113435,2014,"Blue","New","CA","Premium"
5,111715,2014,"Black","New","NJ","unsp"
75505,24900,2007,"Beige","Used","NV","Harman Kardon"
48541,50895,2011,"Gray","CPO","CA","unsp"
40879,43999,2011,"White","Used","TX","Harman Kardon"
37655,52988,2011,"Black","CPO","CA","Premium"
8704,63888,2012,"Silver","Used","CA","unsp"
69395,30000,2008,"Blue","Used","GA","Premium"
44465,47995,2011,"White","Used","NJ","unsp"
16767,66888,2012,"Silver","CPO","TX","Harman Kardon"
29153,59993,2013,"Black","Used","OH","Premium"
23364,57991,2013,"Black","Used","TX","Harman Kardon"
14465,71987,2013,"White","Used","NJ","Premium"
29749,44592,2012,"Black","Used","NJ","Harman Kardon"
21922,46855,2012,"Black","Used","IL","Harman Kardon"
4363,103900,2014,"White","CPO","FL","unsp"
10,112265,2014,"Red","New","MA","unsp"
8,116960,2014,"White","New","NY","unsp"
21097,64995,2012,"Blue","Used","TX","unsp"
20266,56895,2012,"Black","CPO","CA","unsp"
10150,72998,2013,"Silver","CPO","NC","Premium"
5651,59999,2013,"Black","Used","TX","Harman Kardon"
77054,32992,2008,"White","Used","NJ","Premium"
69892,29999,2007,"Red","Used","MD","unsp"
21503,56500,2011,"Silver","CPO","MO","unsp"
29529,43500,2011,"Black","Used","WA","Premium"
35185,52950,2010,"Black","Used","MD","unsp"
27212,39995,2011,"Black","Used","NY","unsp"
56955,52995,2011,"Black","CPO","MI","unsp"
13,112365,2014,"Black","New","CA","Premium"
10,130335,2014,"Black","New","CA","unsp"
7,109375,2014,"Black","New","CA","unsp"
10,107085,2014,"Blue","New","PA","Premium"
9,107225,2014,"Black","New","IL","unsp"
97368,21860,2008,"Silver","Used","OK","Premium"
71734,26995,2007,"Black","Used","TX","Harman Kardon"
20387,49995,2010,"Black","Used","NC","unsp"
58458,43994,2010,"White","Used","GA","Premium"
32131,66990,2013,"White","Used","CA","unsp"
37868,56484,2013,"Silver","CPO","TN","Harman Kardon"
36304,56877,2012,"Black","CPO","SC","Premium"
52266,31985,2008,"Black","Used","FL","Premium"
43655,42995,2010,"Black","Used","TX","Premium"
55900,44995,2010,"Black","Used","NY","Premium"
19362,59998,2012,"Black","CPO","NY","unsp"
13665,64469,2013,"Blue","CPO","CT","Premium"
28060,59927,2012,"Black","CPO","NY","unsp"
10,109571,2014,"Black","New","NC","unsp"
10,117365,2014,"Black","New","MA","unsp"
14,119635,2014,"Blue","New","IA","Premium"
10,126515,2014,"Silver","New","NY","unsp"
51099,38900,2008,"Blue","Used","CA","Premium"
17363,62000,2012,"Black","Used","IL","Harman Kardon"
35484,56975,2012,"Black","CPO","CA","unsp"
15181,72881,2013,"White","Used","FL","unsp"
81215,24917,2008,"unsp","Used","FL","Harman Kardon"
57482,40988,2011,"Black","Used","MI","Premium"
27685,55991,2011,"Black","CPO","PA","Premium"
18227,57991,2011,"Black","Used","IL","Harman Kardon"
24833,58800,2013,"Black","Used","IL","unsp"
28468,54950,2012,"Black","Used","TX","unsp"
15128,92850,2014,"Black","Used","TX","unsp"
6,116040,2014,"Black","New","FL","unsp"
84536,27939,2007,"Gray","Used","NC","unsp"
65667,28895,2008,"Black","Used","NY","Premium"
67656,40888,2010,"Blue","Used","CA","unsp"
23137,59992,2012,"Black","CPO","FL","Harman Kardon"
16279,62950,2013,"Black","Used","AZ","Harman Kardon"
27221,39999,2012,"Black","Used","GA","unsp"
43899,49994,2011,"Black","CPO","NC","unsp"
21000,56995,2012,"Black","Used","CA","Harman Kardon"
19562,69910,2012,"Black","CPO","CA","unsp"
56,104225,2014,"Black","New","CA","unsp"
6,121575,2014,"Blue","New","CA","unsp"
25,98325,2014,"Silver","New","HI","Premium"
6,111920,2014,"White","New","IL","unsp"
68176,30789,2007,"White","Used","TX","unsp"
18144,32991,2007,"Black","Used","CA","Harman Kardon"
133818,23999,2007,"Black","Used","CA","unsp"
60000,33933,2009,"Black","CPO","OR","Harman Kardon"
94008,24663,2008,"Gray","Used","NJ","Harman Kardon"
59844,33999,2009,"Black","Used","GA","Premium"
43516,45998,2011,"Black","CPO","NC","Premium"
15976,76991,2013,"White","CPO","NJ","Premium"
5,109375,2014,"Black","New","CA","unsp"
11,106670,2014,"White","New","CA","Premium"
20,108625,2014,"unsp","New","AZ","unsp"
50,128275,2014,"Black","New","NJ","unsp"
6,105770,2014,"White","New","NY","unsp"
10,101815,2014,"Black","New","NY","Premium"
12,116820,2014,"Black","New","NJ","Premium"
69537,25995,2008,"Gray","Used","CA","Premium"
105304,28995,2008,"White","Used","TX","unsp"
84400,22900,2007,"White","Used","IL","unsp"
46968,47991,2011,"White","Used","FL","unsp"
40251,42000,2010,"Brown","Used","TX","Harman Kardon"
20686,59950,2011,"Gray","CPO","TX","Harman Kardon"
38390,41999,2010,"Black","Used","TX","Harman Kardon"
53888,38995,2010,"White","Used","FL","Harman Kardon"
15986,67888,2012,"Black","CPO","GA","Harman Kardon"
7982,57995,2012,"Silver","Used","TX","Harman Kardon"
21142,52990,2013,"Black","Used","GA","unsp"
64146,32900,2008,"White","Used","GA","unsp"
58616,38880,2010,"Blue","Used","GA","Premium"
25551,54995,2012,"White","CPO","CT","Premium"
9997,67965,2013,"Black","Used","MO","Harman Kardon"
50,112930,2014,"Black","New","NJ","Premium"
40,113335,2014,"Black","New","NJ","Premium"
89503,27990,2008,"Silver","Used","GA","Harman Kardon"
59185,29877,2007,"Silver","Used","IL","Premium"
48761,23995,2007,"unsp","Used","NJ","Premium"
59404,26897,2007,"Black","Used","MD","unsp"
605,89900,2013,"White","Used","FL","Premium"
19167,68999,2013,"Black","CPO","TN","Harman Kardon"
29674,52991,2012,"Black","Used","GA","unsp"
11661,69995,2013,"White","Used","FL","Harman Kardon"
65551,33990,2008,"Black","Used","MA","unsp"
22338,48999,2011,"White","Used","OH","Premium"
38086,48799,2011,"Black","CPO","PA","Premium"
76295,36495,2011,"Black","Used","NY","unsp"
14138,58944,2011,"Black","Used","IL","Premium"
35084,49995,2012,"Black","Used","MD","unsp"
17859,61479,2012,"Black","CPO","PA","Premium"
37638,62951,2013,"Black","Used","MD","unsp"
23952,62995,2013,"Black","Used","NY","Premium"
31071,50984,2012,"Silver","CPO","PA","Premium"
12750,70427,2013,"Black","Used","PA","Premium"
11,101485,2014,"Black","New","FL","unsp"
20,102125,2014,"Blue","New","CA","unsp"
5,101261,2014,"White","New","IL","Premium"
63062,32930,2008,"Silver","Used","FL","unsp"
73459,27988,2007,"Black","Used","TN","unsp"
48535,34300,2009,"unsp","Used","SC","Premium"
57156,20588,2007,"Silver","Used","NC","unsp"
89460,42988,2010,"unsp","Used","FL","unsp"
66676,40993,2010,"White","Used","CA","unsp"
19677,55391,2011,"Black","Used","FL","unsp"
18649,64991,2013,"Silver","CPO","FL","Premium"
58397,48998,2012,"White","Used","CA","Premium"
7700,63750,2013,"Blue","Used","TN","Harman Kardon"
25343,41374,2008,"Black","Used","PA","Premium"
78832,34995,2009,"Gray","Used","IL","Harman Kardon"
67779,27200,2008,"Black","Used","PA","Premium"
71675,35995,2010,"Silver","Used","NJ","unsp"
127,103000,2013,"White","Used","OR","Bang Olufsen"
19445,64950,2013,"Gray","CPO","MO","Harman Kardon"
53125,46499,2012,"Black","Used","PA","Premium"
15341,57995,2012,"Black","Used","NJ","Harman Kardon"
48059,49995,2013,"Black","Used","NY","unsp"
504,116800,2014,"Black","Used","TX","Premium"
2260,89998,2014,"Silver","Used","GA","Premium"
12,107880,2014,"Blue","New","FL","Premium"
14,107085,2014,"Silver","New","CO","unsp"
10,110515,2014,"Silver","New","PA","Premium"
69311,26995,2008,"Black","Used","TX","Harman Kardon"
26361,58792,2012,"White","CPO","FL","unsp"
12774,65981,2012,"Black","CPO","CA","unsp"
69382,29000,2007,"Black","Used","IA","unsp"
62196,29995,2007,"Black","Used","PA","Premium"
55060,28995,2008,"Silver","Used","IN","Harman Kardon"
12556,59999,2013,"Black","Used","TX","Premium"
6,107385,2013,"Silver","New","NY","Premium"
23815,55992,2012,"Black","CPO","MA","unsp"
10817,68482,2013,"Gray","CPO","NC","Premium"
37615,50993,2012,"Silver","CPO","MD","Premium"
14095,59700,2013,"Silver","Used","AL","Premium"
10960,99995,2014,"Silver","Used","TX","Premium"
150,119155,2014,"White","New","CA","Premium"
13013,92991,2014,"Blue","CPO","CA","unsp"
25,116085,2014,"Black","New","IL","Premium"
14,105745,2014,"Black","New","NJ","Premium"
16,120085,2014,"Black","New","KS","unsp"
76537,26995,2007,"Gray","Used","CA","Premium"
50128,42995,2011,"White","Used","CA","Premium"
25082,54986,2012,"unsp","CPO","CA","Premium"
13842,54980,2012,"Gray","Used","CA","Premium"
22134,67670,2012,"Black","CPO","TX","unsp"
91069,26990,2008,"Silver","Used","IN","Harman Kardon"
43767,60890,2011,"Black","CPO","NJ","Harman Kardon"
53505,45500,2010,"Black","Used","CA","Premium"
22833,48755,2012,"Black","Used","IL","Harman Kardon"
26690,40999,2012,"Silver","Used","FL","Premium"
25101,53999,2013,"Black","Used","FL","Premium"
20,102505,2013,"unsp","New","AZ","unsp"
24278,62500,2013,"Black","Used","TN","Harman Kardon"
6,112265,2014,"Black","New","NY","unsp"
53,110460,2014,"White","New","PA","Premium"
451,125175,2014,"White","New","FL","Premium"
1,122815,2014,"Black","New","FL","Premium"
95154,22995,2007,"Silver","Used","LA","Harman Kardon"
67273,23880,2007,"unsp","Used","IL","unsp"
79100,39900,2011,"White","Used","FL","Harman Kardon"
23893,50991,2011,"Black","Used","FL","unsp"
46837,51995,2011,"White","Used","AL","Premium"
34305,55900,2010,"Black","Used","ID","Premium"
27356,52990,2012,"Black","Used","TN","Harman Kardon"
34339,63777,2013,"White","CPO","CA","Harman Kardon"
14963,78361,2013,"Black","CPO","TX","unsp"
12705,69989,2012,"White","Used","CA","Harman Kardon"
58004,35992,2009,"Black","Used","GA","Harman Kardon"
28256,42961,2008,"Blue","Used","MO","Harman Kardon"
32840,43880,2010,"Black","Used","WA","Harman Kardon"
28338,69991,2012,"Silver","CPO","MD","Premium"
9741,72950,2013,"Black","Used","VA","Premium"
15051,76810,2012,"Black","Used","KY","Premium"
31435,59900,2013,"White","CPO","IL","Premium"
5,120650,2014,"Red","New","CA","Premium"
10,130600,2014,"White","New","MD","unsp"
97783,23840,2007,"Black","Used","MD","Harman Kardon"
56700,33900,2007,"Black","Used","FL","Harman Kardon"
118197,28000,2007,"Red","Used","CA","unsp"
114095,19977,2007,"Gray","Used","VA","Premium"
72545,23991,2007,"Silver","Used","CA","Harman Kardon"
38767,45000,2010,"unsp","Used","OK","Premium"
64615,39995,2010,"Silver","CPO","FL","unsp"
38338,55892,2012,"Silver","CPO","CA","Harman Kardon"
27929,57940,2012,"Silver","CPO","FL","unsp"
26409,59850,2012,"Black","Used","FL","unsp"
77753,26989,2007,"Black","Used","NY","Premium"
54961,29950,2009,"Black","Used","NJ","unsp"
46846,47995,2012,"Silver","Used","NY","unsp"
18960,64900,2012,"Black","CPO","NY","unsp"
19501,57890,2012,"White","CPO","OH","Premium"
31484,69999,2012,"White","Used","NY","unsp"
11179,69900,2013,"Black","Used","FL","unsp"
4697,68900,2013,"Black","CPO","NY","unsp"
24,112610,2014,"White","New","FL","unsp"
7361,98991,2014,"Gray","CPO","TX","unsp"
8044,99800,2014,"White","Used","IL","unsp"
96,107380,2014,"White","CPO","NY","Premium"
96677,23995,2007,"Black","Used","OK","unsp"
44787,36888,2009,"Black","Used","CA","Harman Kardon"
51000,34900,2008,"Gray","Used","FL","unsp"
42983,42473,2011,"Black","CPO","TN","Harman Kardon"
33500,56995,2013,"White","Used","TX","Harman Kardon"
61390,28995,2009,"White","Used","NY","Premium"
90651,24995,2007,"White","Used","NJ","Harman Kardon"
106220,21995,2007,"Black","Used","NJ","unsp"
90755,31601,2009,"Black","Used","NJ","Harman Kardon"
65379,35995,2009,"Black","Used","NY","unsp"
55578,42995,2009,"Gray","Used","NJ","unsp"
16679,59998,2011,"White","Used","MA","unsp"
31604,53900,2012,"Black","Used","MD","Harman Kardon"
36572,52950,2012,"Silver","Used","VA","Premium"
5,112315,2014,"Black","New","CA","Premium"
15,104960,2014,"White","New","TX","unsp"
24929,89970,2014,"Black","Used","NY","unsp"
8,127810,2014,"Black","New","OH","Premium"
11,112700,2014,"White","New","NJ","Premium"
2513,94995,2014,"Black","Used","OH","Premium"
10,107165,2014,"Silver","New","FL","unsp"
99978,27998,2008,"Silver","Used","TX","unsp"
66091,26988,2007,"White","Used","TX","unsp"
63238,34988,2008,"Silver","Used","CA","Premium"
92000,25995,2007,"Gray","Used","GA","unsp"
28714,39880,2010,"Black","Used","WA","unsp"
79579,26635,2009,"Bronze","Used","MI","Harman Kardon"
31109,50998,2011,"Gray","CPO","MD","Bang Olufsen"
33400,59980,2010,"White","Used","NY","unsp"
22690,51877,2012,"Black","Used","MA","Harman Kardon"
4497,109644,2014,"Silver","New","CA","unsp"
11,104085,2014,"Blue","New","CA","unsp"
16,107515,2014,"Silver","New","NY","unsp"
85290,25988,2007,"Blue","Used","FL","Premium"
78909,25990,2007,"Silver","Used","FL","unsp"
78540,28220,2007,"Black","Used","MD","Premium"
33016,31492,2007,"Gray","Used","FL","unsp"
151549,24995,2007,"Black","Used","FL","unsp"
47330,29900,2009,"Silver","Used","TX","Harman Kardon"
39764,47995,2010,"Silver","Used","TX","Harman Kardon"
54423,41150,2010,"White","Used","CA","Harman Kardon"
72509,28998,2008,"Black","Used","TX","unsp"
68925,31899,2009,"Gray","Used","NJ","Premium"
69179,29995,2009,"Gray","Used","KY","unsp"
26974,42995,2009,"Red","CPO","FL","unsp"
30346,56790,2013,"Black","Used","NJ","Premium"
17975,65900,2013,"Black","CPO","MO","unsp"
18,109045,2014,"Black","New","FL","unsp"
10,109665,2014,"Black","New","TX","unsp"
15,121400,2014,"Black","New","FL","unsp"
77478,24995,2007,"Gray","Used","FL","Harman Kardon"
94202,25495,2007,"Blue","Used","FL","Premium"
66977,29934,2007,"Black","Used","NC","unsp"
83576,22991,2007,"White","Used","CA","Harman Kardon"
49203,35966,2007,"Black","Used","VA","Premium"
49792,39888,2008,"Black","Used","CA","Premium"
93400,28980,2007,"Gray","Used","TX","Premium"
80293,35995,2011,"Black","Used","NY","unsp"
29371,58777,2013,"Black","CPO","CA","Harman Kardon"
38186,65988,2013,"Black","Used","CA","unsp"
28585,69991,2012,"Black","CPO","GA","unsp"
32195,52950,2013,"Silver","Used","TX","Harman Kardon"
32559,36392,2009,"Black","Used","FL","unsp"
38898,41995,2011,"Black","Used","NY","Harman Kardon"
51583,46998,2010,"Black","CPO","MA","unsp"
45111,38900,2010,"Blue","Used","CT","Harman Kardon"
67006,39995,2011,"Black","Used","NJ","Bang Olufsen"
35829,57991,2011,"Black","CPO","NY","Harman Kardon"
25,94588,2014,"White","Used","CA","unsp"
10,115445,2014,"Black","New","FL","unsp"
47,111170,2014,"White","New","PA","Premium"
59834,27291,2007,"unsp","Used","MS","Harman Kardon"
19228,12995,2007,"Black","Used","UT","unsp"
101236,24995,2007,"Silver","Used","VA","unsp"
79760,31991,2008,"White","Used","CA","Harman Kardon"
34602,35995,2010,"Black","Used","FL","unsp"
47641,43988,2010,"Black","CPO","CA","unsp"
17757,71900,2013,"White","CPO","FL","Harman Kardon"
7895,64995,2013,"Black","CPO","FL","unsp"
30599,54998,2011,"Black","CPO","MA","unsp"
18246,68001,2012,"Black","CPO","NJ","Premium"
10820,97991,2014,"White","Used","CA","unsp"
39,114720,2014,"White","New","NJ","Premium"
54690,34388,2009,"Gray","Used","TX","Harman Kardon"
83379,25995,2008,"Gray","Used","TX","Premium"
88239,22500,2007,"Black","Used","FL","Premium"
46559,35900,2008,"Silver","Used","HI","unsp"
35004,38471,2008,"Black","Used","TN","Harman Kardon"
103683,25995,2007,"Silver","Used","TX","Premium"
28618,49987,2010,"White","Used","CA","Premium"
10753,58991,2012,"Black","CPO","GA","Premium"
109,103845,2013,"Silver","New","CA","unsp"
12171,51900,2012,"White","Used","AZ","Harman Kardon"
30810,54991,2012,"White","CPO","TX","Harman Kardon"
102043,23995,2007,"Black","Used","VA","Premium"
40688,39995,2010,"Black","Used","PA","unsp"
31668,45998,2011,"Black","Used","TX","Harman Kardon"
36609,60678,2011,"Black","CPO","PA","Premium"
5572,68992,2013,"Black","CPO","NJ","Premium"
42319,52991,2012,"Black","CPO","NJ","Premium"
25,125575,2014,"Black","New","HI","Premium"
2724,108995,2014,"Silver","Used","FL","unsp"
13,107765,2014,"Silver","New","TX","unsp"
7,107025,2014,"Black","New","CA","unsp"
76495,27900,2007,"Silver","Used","SC","Premium"
47713,39998,2009,"White","Used","TX","Harman Kardon"
64451,29991,2008,"Black","Used","CA","unsp"
106114,24995,2007,"White","Used","NY","unsp"
77683,27200,2007,"Black","Used","TX","Harman Kardon"
34462,46981,2011,"Silver","CPO","CA","unsp"
81200,38888,2011,"Black","Used","TX","Premium"
108168,20950,2007,"Silver","Used","KS","unsp"
36300,40995,2009,"Black","Used","NY","unsp"
59999,39995,2011,"Blue","Used","MD","unsp"
29266,46986,2011,"Black","Used","MD","unsp"
36055,53844,2012,"Black","CPO","NC","Premium"
17,110705,2014,"Silver","New","FL","unsp"
10,116065,2014,"Silver","New","NJ","Premium"
41344,34987,2007,"White","Used","GA","Harman Kardon"
101000,21950,2007,"Black","Used","MI","Premium"
51064,44888,2011,"White","Used","CA","unsp"
25162,59988,2011,"Black","Used","CA","unsp"
28723,62986,2013,"Silver","CPO","GA","Premium"
21918,76991,2013,"Gray","CPO","CA","Harman Kardon"
74220,34955,2009,"White","Used","NJ","Harman Kardon"
56861,36500,2009,"White","Used","NJ","Harman Kardon"
73986,27899,2009,"Gray","Used","NJ","Premium"
44755,38990,2008,"White","Used","FL","Harman Kardon"
39113,50650,2013,"Black","Used","MD","Harman Kardon"
23232,59995,2012,"White","CPO","NC","Harman Kardon"
27508,54295,2012,"White","CPO","NJ","Premium"
7,104900,2014,"unsp","New","FL","Premium"
3874,99850,2014,"Black","Used","TX","unsp"
12,113530,2014,"White","New","NJ","Premium"
62480,29998,2007,"Black","Used","TX","unsp"
85941,23995,2007,"Black","Used","FL","unsp"
77125,32950,2009,"Blue","Used","TX","unsp"
196000,16990,2007,"Gray","Used","CT","Premium"
12648,63992,2012,"Silver","CPO","CA","Premium"
20857,77500,2013,"Black","Used","CA","unsp"
31329,58991,2012,"Silver","CPO","CA","unsp"
106378,22990,2007,"Gray","Used","MA","Premium"
75575,27995,2008,"Black","Used","GA","Harman Kardon"
75269,30691,2007,"White","Used","UT","Premium"
38909,51992,2010,"Black","CPO","OH","unsp"
34905,41999,2011,"Black","Used","FL","Harman Kardon"
19575,69988,2012,"Black","CPO","NH","Harman Kardon"
23397,66995,2012,"unsp","Used","CT","unsp"
20192,57895,2012,"Black","CPO","NY","unsp"
8,114031,2014,"White","New","NC","unsp"
9,111535,2014,"Silver","New","IL","unsp"
68074,30900,2008,"Silver","Used","FL","Harman Kardon"
46987,55900,2011,"Black","CPO","AL","unsp"
27139,67998,2012,"Silver","CPO","IL","Premium"
30071,69800,2013,"Silver","Used","MS","unsp"
20040,69995,2013,"Silver","Used","VA","unsp"
27163,54900,2011,"White","CPO","VA","unsp"
51888,44775,2010,"unsp","Used","IL","Harman Kardon"
45661,52998,2011,"Gray","CPO","MA","unsp"
51546,53399,2011,"unsp","Used","OH","Harman Kardon"
25435,46998,2010,"Gray","Used","MA","Harman Kardon"
28649,57991,2012,"White","CPO","NJ","Harman Kardon"
18772,61900,2013,"White","CPO","DE","Harman Kardon"
21892,60960,2012,"Black","CPO","MD","Premium"
8005,84994,2013,"Gray","CPO","NY","unsp"
5,110650,2014,"unsp","New","FL","unsp"
12,115825,2014,"Black","New","FL","unsp"
10,118035,2014,"White","New","FL","unsp"
39,119305,2014,"Silver","New","CO","unsp"
1,121715,2014,"Blue","New","NY","unsp"
43030,36991,2008,"Black","Used","CA","Harman Kardon"
112265,22491,2008,"Silver","Used","FL","Premium"
79009,29885,2007,"Silver","Used","CA","unsp"
116100,29999,2007,"Silver","Used","GA","unsp"
99276,22988,2007,"Silver","Used","IL","unsp"
55000,31950,2007,"Black","Used","MD","unsp"
67500,28995,2007,"Black","Used","SC","unsp"
21455,52981,2011,"White","CPO","CA","Premium"
47313,40888,2010,"Black","CPO","TX","Harman Kardon"
26177,68994,2013,"Gray","CPO","CA","Harman Kardon"
76073,25933,2007,"White","Used","CO","Premium"
40513,38864,2007,"Gray","Used","MI","unsp"
75321,34900,2008,"Black","Used","NJ","unsp"
78091,31990,2008,"Black","Used","CT","Premium"
56092,31999,2008,"White","Used","NY","Premium"
31515,45994,2010,"White","Used","IL","Harman Kardon"
28580,65000,2011,"Bronze","Used","TX","unsp"
68379,41991,2010,"White","Used","GA","Harman Kardon"
15652,59899,2012,"Black","CPO","NJ","Harman Kardon"
17234,66475,2012,"Silver","Used","NY","unsp"
15571,63559,2013,"Black","CPO","MD","Premium"
18141,89000,2014,"Silver","CPO","MD","unsp"
10,101325,2014,"Black","New","PA","Premium"
1139,126959,2014,"Black","Used","MD","unsp"
133362,24995,2007,"Black","Used","CA","Harman Kardon"
89054,22995,2007,"Gray","Used","PA","Premium"
85110,33980,2010,"Black","Used","CA","Premium"
37840,48991,2010,"Blue","CPO","KY","Premium"
29453,68471,2013,"White","CPO","TN","Premium"
64570,29851,2009,"Black","Used","SC","Premium"
137086,23991,2009,"Silver","Used","CA","unsp"
57495,36998,2008,"Silver","Used","PA","Premium"
45144,42900,2011,"Black","Used","FL","unsp"
28724,44999,2010,"Black","Used","VA","unsp"
31803,56993,2012,"Black","CPO","NJ","Premium"
51980,39999,2012,"Blue","Used","GA","Harman Kardon"
24837,58800,2013,"Black","Used","IL","unsp"
59,107135,2013,"Silver","New","NJ","Premium"
29832,52994,2012,"Silver","CPO","MA","Premium"
5046,99000,2014,"Black","CPO","NY","unsp"
3708,89998,2014,"Silver","Used","VA","unsp"
11,108075,2014,"Black","New","PA","Premium"
10,108640,2014,"Blue","New","NY","Premium"
28758,32981,2007,"Black","Used","CA","unsp"
156500,29500,2007,"Silver","Used","GA","unsp"
82500,38500,2008,"White","Used","TX","unsp"
74942,26995,2008,"Green","Used","FL","unsp"
71273,25999,2007,"Gray","Used","MD","Premium"
43036,42988,2010,"White","Used","FL","Premium"
24095,68989,2013,"White","CPO","SC","Harman Kardon"
23200,59995,2013,"Silver","Used","CA","Harman Kardon"
49567,31988,2008,"Black","Used","FL","unsp"
33983,34995,2007,"Silver","Used","NY","Harman Kardon"
84575,23790,2008,"Black","Used","NJ","Premium"
42603,38995,2011,"Black","Used","NY","Harman Kardon"
30410,48900,2010,"Black","CPO","IL","unsp"
60774,39988,2010,"Black","CPO","NH","Harman Kardon"
4711,72500,2013,"Black","CPO","OH","unsp"
10,113625,2014,"Black","New","FL","unsp"
1,109165,2014,"Black","New","FL","unsp"
5288,89986,2014,"Silver","CPO","CA","unsp"
15,116325,2014,"Black","New","CA","unsp"
80185,26895,2007,"Silver","Used","CA","Premium"
74674,24996,2007,"Black","Used","MS","Premium"
87363,28997,2008,"Gray","Used","MD","Premium"
46129,44495,2010,"Black","Used","CA","unsp"
43288,47995,2011,"Silver","Used","AL","unsp"
25164,50792,2011,"Black","CPO","CA","Harman Kardon"
21,105645,2013,"Silver","New","TX","unsp"
31008,61780,2012,"Black","CPO","NC","unsp"
84617,27998,2007,"Gray","Used","VA","Premium"
20575,34995,2008,"Black","Used","NY","unsp"
54063,34877,2009,"Blue","Used","IL","Harman Kardon"
81287,27480,2007,"White","Used","NY","Premium"
30894,38000,2010,"Silver","CPO","NY","unsp"
19306,55995,2012,"Silver","Used","TX","Harman Kardon"
13960,69891,2013,"Black","CPO","NJ","Premium"
24977,56900,2012,"Black","Used","PA","Premium"
20621,57482,2012,"Black","CPO","PA","unsp"
16,118935,2014,"unsp","New","FL","unsp"
15,104515,2014,"Silver","CPO","KS","Premium"
49,99981,2014,"Black","Used","NC","unsp"
14137,89995,2014,"Black","Used","MI","Premium"
10,110225,2014,"Silver","New","MA","unsp"
30,118615,2014,"Black","New","UT","unsp"
89150,28980,2008,"Black","Used","NC","Harman Kardon"
18616,38999,2007,"Silver","Used","TX","unsp"
13489,61999,2011,"Black","CPO","TN","Harman Kardon"
36957,48500,2011,"Black","Used","TN","Harman Kardon"
9811,59950,2013,"White","Used","VA","Harman Kardon"
84045,32990,2008,"White","Used","NY","Premium"
56495,35999,2010,"Silver","Used","GA","Premium"
36118,42975,2010,"White","CPO","RI","unsp"
45223,37587,2010,"Silver","Used","MI","Harman Kardon"
34316,54891,2010,"White","Used","NC","unsp"
30623,55991,2012,"Silver","CPO","OH","Premium"
22015,61524,2012,"Black","CPO","NC","unsp"
7348,103850,2014,"Black","Used","TX","unsp"
10,140085,2014,"Silver","New","MD","unsp"
99,102855,2014,"Black","New","NJ","Premium"
5,111400,2014,"Black","New","IL","unsp"
10,107070,2014,"White","New","NJ","Premium"
53874,35991,2007,"Black","Used","CA","Harman Kardon"
109503,25900,2008,"White","Used","FL","Premium"
20165,35891,2008,"Black","Used","FL","unsp"
52389,37774,2009,"White","Used","FL","Harman Kardon"
90521,23980,2007,"Beige","Used","IL","Premium"
74231,29888,2009,"Silver","Used","CA","Premium"
95500,23995,2008,"Gray","Used","CT","Premium"
81770,24970,2007,"Black","Used","GA","unsp"
7959,49471,2010,"Silver","CPO","TN","Harman Kardon"
14964,60995,2012,"Black","Used","TX","Premium"
31038,58991,2012,"Silver","CPO","CA","Harman Kardon"
37030,56991,2012,"White","CPO","CA","Harman Kardon"
75912,22991,2008,"Black","Used","PA","unsp"
54051,36990,2009,"Gray","Used","MD","unsp"
64927,37900,2009,"White","Used","NY","Premium"
26100,39000,2011,"White","Used","AZ","Harman Kardon"
33625,49800,2010,"White","Used","AL","Premium"
62320,47995,2013,"Gray","Used","NY","unsp"
21065,72998,2013,"Black","CPO","IL","Premium"
49590,49900,2012,"Silver","CPO","NC","Premium"
15,100390,2014,"White","New","FL","unsp"
6,112960,2014,"Blue","New","CA","unsp"
13,109885,2014,"unsp","New","FL","Premium"
11,115775,2014,"Black","CPO","CA","Premium"
5,119285,2014,"Black","New","MO","unsp"
45,109215,2014,"Black","New","NJ","Premium"
12,109015,2014,"Black","New","MA","unsp"
60290,28495,2007,"White","Used","CA","unsp"
99382,25950,2007,"Black","Used","AZ","Premium"
93660,21692,2007,"White","Used","FL","unsp"
22639,54991,2011,"Silver","Used","FL","unsp"
23940,68789,2011,"Gray","CPO","TX","Harman Kardon"
14504,54999,2012,"Black","Used","TX","Harman Kardon"
28303,49990,2013,"Black","Used","GA","unsp"
84998,29999,2008,"Black","Used","TX","unsp"
107061,27945,2007,"Blue","Used","NC","unsp"
102325,35994,2007,"Black","Used","NJ","Premium"
75779,35500,2009,"White","Used","VA","Premium"
52105,36995,2009,"Blue","Used","NY","unsp"
22096,46500,2011,"Black","Used","MA","unsp"
39350,55650,2011,"Silver","CPO","KS","Premium"
49943,43698,2011,"Black","Used","MA","unsp"
7351,64900,2013,"Black","CPO","NY","unsp"
7232,67995,2012,"Black","Used","VA","unsp"
3343,87864,2014,"Black","New","NC","unsp"
6,112610,2014,"Black","New","CA","unsp"
12,104165,2014,"Silver","New","FL","Premium"
15,104965,2014,"Silver","New","VA","Premium"
91489,23999,2007,"Black","Used","FL","Premium"
33144,30747,2007,"Silver","Used","TX","unsp"
34953,47888,2009,"Black","CPO","WA","unsp"
67711,37988,2009,"White","Used","CA","Premium"
40625,48777,2011,"White","Used","CA","Premium"
53526,36998,2010,"Silver","Used","NC","unsp"
48543,47888,2010,"White","Used","CA","unsp"
18547,65800,2013,"White","CPO","MS","unsp"
7499,77000,2013,"Black","CPO","HI","Harman Kardon"
25881,65990,2012,"Blue","CPO","AR","Premium"
20666,67500,2012,"Red","CPO","AZ","unsp"
15641,46967,2009,"Black","CPO","NY","Harman Kardon"
22419,54777,2012,"Silver","CPO","NY","unsp"
18210,52800,2012,"Black","Used","IL","Premium"
12574,69999,2013,"Black","Used","GA","Harman Kardon"
21137,64146,2012,"Silver","CPO","VA","unsp"
11,106475,2014,"Black","New","CA","Premium"
6,102920,2014,"White","New","CA","unsp"
12,110800,2014,"White","New","CA","unsp"
103,109000,2014,"Silver","Used","TX","unsp"
175,126305,2014,"Black","New","FL","Premium"
21,107880,2014,"White","New","NY","unsp"
61158,35885,2009,"White","Used","CA","Harman Kardon"
79455,23577,2007,"unsp","Used","IL","unsp"
72415,31944,2007,"White","Used","CA","Harman Kardon"
42790,34888,2008,"Black","Used","CA","Harman Kardon"
71032,24995,2007,"Black","Used","VA","unsp"
74609,29999,2008,"Black","Used","CA","Harman Kardon"
33281,41991,2009,"Black","Used","CA","Harman Kardon"
51907,39900,2010,"White","Used","CA","unsp"
19375,61418,2013,"White","CPO","NC","Premium"
14486,65981,2012,"White","CPO","CA","unsp"
50129,35994,2008,"Black","Used","NY","unsp"
21274,64972,2011,"White","CPO","NJ","unsp"
19058,66488,2012,"unsp","Used","AL","Premium"
20315,69981,2013,"Black","CPO","PA","Premium"
50126,45999,2013,"Silver","Used","FL","Harman Kardon"
5,101195,2014,"Silver","New","CA","Premium"
6,132480,2014,"White","New","CA","unsp"
11,123665,2014,"Black","New","MO","unsp"
7,112280,2014,"White","New","MN","Premium"
8,105395,2014,"Black","New","WI","unsp"
63000,32500,2008,"Black","Used","AZ","Premium"
101404,22990,2007,"Silver","Used","AL","unsp"
46630,28497,2007,"Red","Used","IL","Harman Kardon"
87206,30350,2008,"Black","Used","CA","Premium"
58867,38988,2010,"Silver","Used","CA","unsp"
36691,55995,2011,"Black","CPO","TX","Premium"
55808,41991,2010,"White","Used","CA","Harman Kardon"
16978,62980,2013,"Black","CPO","NC","Premium"
10400,59995,2013,"Black","Used","CA","Harman Kardon"
35123,57971,2012,"Silver","CPO","CA","unsp"
34674,54813,2012,"White","CPO","NC","Premium"
95000,22499,2007,"Blue","Used","NY","unsp"
93607,23977,2007,"Gray","Used","VA","Premium"
112389,24900,2007,"White","Used","MI","unsp"
37772,40990,2011,"Black","Used","GA","unsp"
36634,53000,2011,"Silver","Used","NC","Premium"
39242,44900,2010,"Black","Used","FL","Harman Kardon"
35779,54993,2013,"Black","CPO","OH","Premium"
39909,59991,2012,"Black","Used","TX","unsp"
111985,22977,2007,"Black","Used","CA","unsp"
86451,27991,2008,"Black","Used","TX","unsp"
48829,39900,2009,"White","Used","CA","unsp"
98642,29995,2007,"White","Used","OH","unsp"
51472,28495,2008,"Blue","Used","TX","unsp"
76598,38995,2009,"Black","Used","CT","unsp"
27691,56991,2012,"Black","Used","IL","Premium"
14,111690,2014,"Blue","New","CA","Premium"
8,105235,2014,"Silver","New","NJ","unsp"
74190,34000,2008,"Black","Used","FL","Premium"
63804,27995,2007,"Beige","Used","GA","Bose"
65932,32999,2007,"White","Used","IL","Harman Kardon"
21929,61485,2012,"Black","CPO","CA","unsp"
17206,57900,2012,"Gray","Used","FL","Bang Olufsen"
105698,27985,2008,"Silver","Used","VA","Premium"
36374,55799,2011,"Silver","CPO","OH","Premium"
25390,55900,2012,"White","Used","MD","Harman Kardon"
47993,42998,2012,"Silver","Used","NY","Premium"
17,107930,2014,"White","New","NJ","Premium"
22,123785,2014,"Silver","New","NJ","Premium"
113130,15900,2007,"Silver","Used","NJ","Harman Kardon"
80463,23900,2007,"Black","Used","MD","Harman Kardon"
53777,37995,2011,"Gray","Used","FL","unsp"
22165,55877,2012,"Black","CPO","SC","Harman Kardon"
22446,59910,2012,"White","Used","CA","unsp"
21297,59990,2013,"White","Used","GA","unsp"
105830,23495,2008,"Silver","Used","NC","Premium"
92525,24950,2008,"White","Used","NY","unsp"
64489,41964,2010,"White","Used","NY","unsp"
49398,43495,2011,"Gray","Used","NJ","unsp"
9130,68994,2013,"Black","CPO","TX","unsp"
34287,48998,2012,"Black","CPO","MA","unsp"
32,119040,2014,"Blue","New","FL","unsp"
5,111675,2014,"Black","New","TX","unsp"
2123,130595,2014,"Silver","New","CA","Premium"
1,124785,2014,"Black","New","MO","unsp"
9,105745,2014,"Gray","New","PA","Premium"
8,106415,2014,"Silver","New","NY","unsp"
4,111875,2014,"Black","New","IA","unsp"
9550,94998,2014,"Black","Used","IL","Premium"
80064,21888,2007,"Black","Used","FL","Premium"
24309,55991,2011,"Black","Used","FL","unsp"
12590,68987,2013,"White","CPO","NC","Harman Kardon"
49136,39900,2009,"White","Used","NY","Harman Kardon"
51066,37998,2008,"Silver","Used","MA","Harman Kardon"
46715,44900,2011,"Black","Used","MD","Harman Kardon"
17119,49991,2011,"Black","Used","GA","Harman Kardon"
15768,54991,2010,"Black","CPO","NJ","Premium"
17492,61900,2013,"White","Used","NY","Premium"
30455,69431,2012,"Black","Used","VA","Harman Kardon"
40790,47997,2012,"Black","Used","NJ","unsp"
8,101591,2014,"Silver","New","NC","unsp"
13,111935,2014,"Black","New","GA","unsp"
10,108415,2014,"Black","New","FL","unsp"
13,100425,2014,"Black","New","CA","unsp"
25,92900,2014,"Blue","New","FL","unsp"
20,101775,2014,"Black","New","CA","Premium"
5,107775,2014,"Black","New","IL","unsp"
10,118425,2014,"Silver","New","NY","Premium"
82702,24577,2007,"Black","Used","FL","unsp"
122053,21995,2007,"Black","Used","TX","unsp"
54909,31995,2007,"White","Used","CA","unsp"
21797,68764,2011,"Gray","CPO","LA","Premium"
53106,39995,2010,"Silver","Used","TX","Harman Kardon"
22717,71681,2013,"Silver","CPO","FL","Premium"
27169,47950,2012,"Black","Used","NC","Harman Kardon"
41651,30995,2008,"Blue","Used","IL","unsp"
96159,23999,2007,"Silver","Used","UT","Harman Kardon"
34019,34310,2008,"Black","Used","PA","unsp"
61880,27949,2007,"Silver","Used","UT","unsp"
32462,38900,2011,"Gray","Used","NY","Premium"
26267,37999,2011,"Silver","Used","FL","Premium"
36644,37999,2011,"Brown","CPO","FL","Premium"
12509,62995,2012,"White","CPO","VA","unsp"
33018,51994,2012,"Black","Used","IL","Premium"
13180,64999,2012,"White","Used","VA","unsp"
31848,53450,2013,"White","Used","TX","Harman Kardon"
5,104925,2014,"Black","New","CA","unsp"
7,105770,2014,"White","New","FL","unsp"
5,104920,2014,"White","New","WA","unsp"
45415,34892,2007,"Silver","Used","CA","Harman Kardon"
94033,25977,2007,"Black","Used","NC","Premium"
16292,50974,2011,"Red","CPO","TN","Harman Kardon"
8959,54999,2013,"Gray","Used","FL","Premium"
56155,35955,2009,"Black","Used","IL","Harman Kardon"
33988,38807,2009,"Black","Used","OH","Premium"
99263,28998,2007,"Black","Used","NC","Harman Kardon"
49922,33888,2008,"Silver","Used","TX","Harman Kardon"
35196,38999,2010,"Black","Used","GA","Premium"
67972,36498,2010,"Black","Used","MI","Premium"
44234,48749,2010,"Black","CPO","VA","Harman Kardon"
23900,60500,2013,"Black","Used","NY","Harman Kardon"
26312,62954,2012,"unsp","Used","WI","Harman Kardon"
14104,86995,2014,"Silver","Used","NC","unsp"
10,107975,2014,"Blue","New","NJ","Premium"
18,110665,2014,"Blue","New","NJ","Premium"
56722,34954,2009,"Black","CPO","CA","unsp"
63751,29900,2007,"White","Used","TX","Premium"
61600,39996,2010,"Silver","CPO","TN","unsp"
26802,49981,2011,"Black","Used","FL","Harman Kardon"
13448,73888,2013,"Silver","CPO","TX","Harman Kardon"
4377,71800,2012,"unsp","CPO","MS","unsp"
23878,59991,2012,"Black","CPO","CA","Harman Kardon"
2509,82900,2013,"White","Used","TN","unsp"
23874,57981,2012,"Black","CPO","CA","unsp"
28298,64991,2012,"Black","CPO","FL","Premium"
26872,33994,2009,"White","CPO","MI","Harman Kardon"
132235,25999,2007,"White","Used","MN","unsp"
71917,27875,2007,"Gray","Used","MD","unsp"
70652,32798,2008,"Silver","Used","OH","Premium"
70607,28966,2007,"White","Used","VA","Premium"
39879,48888,2010,"Silver","CPO","WA","unsp"
50899,55991,2011,"Black","CPO","OH","unsp"
34087,55450,2012,"White","Used","TX","Harman Kardon"
26701,62991,2013,"Black","CPO","OH","Premium"
5,102375,2014,"Blue","New","CA","unsp"
25,113900,2014,"Blue","New","CA","unsp"
10,106585,2014,"Blue","New","PA","Premium"
134234,16695,2007,"Black","Used","TX","unsp"
55565,27895,2007,"Gray","Used","CT","unsp"
104958,25777,2008,"unsp","Used","GA","Harman Kardon"
105715,20992,2007,"Gray","Used","FL","Harman Kardon"
66306,24995,2007,"Black","Used","GA","Harman Kardon"
95208,20977,2007,"Gray","Used","FL","Harman Kardon"
53813,34950,2009,"Black","Used","CA","Premium"
88527,26500,2008,"Black","Used","AL","unsp"
40000,39995,2007,"Black","Used","MI","Premium"
35563,46900,2010,"Silver","Used","FL","Harman Kardon"
108455,23962,2007,"Gray","Used","MO","Harman Kardon"
71581,29900,2008,"Black","Used","NJ","Premium"
20866,45995,2012,"Black","Used","NY","unsp"
35154,59800,2013,"Gray","CPO","NY","unsp"
7,100390,2014,"White","New","CA","unsp"
4606,99999,2014,"Black","Used","AL","unsp"
19,119810,2014,"White","New","CA","Premium"
5,108025,2014,"Black","New","CA","Premium"
12,104965,2014,"Black","New","MO","unsp"
68287,21994,2007,"Gray","Used","TX","Harman Kardon"
59189,38000,2008,"Black","Used","CA","Premium"
47975,29850,2007,"Black","Used","MN","Harman Kardon"
98563,29950,2007,"White","Used","FL","Premium"
92525,28995,2008,"Black","Used","TX","unsp"
62214,46900,2011,"Red","Used","AL","Bang Olufsen"
44964,53994,2011,"Silver","Used","GA","Bang Olufsen"
7924,77000,2013,"Black","Used","FL","Harman Kardon"
47686,55500,2013,"White","Used","TX","Premium"
78365,28995,2007,"Silver","Used","IA","Premium"
66152,33995,2007,"Gray","Used","CT","unsp"
38857,51988,2010,"Black","CPO","NH","Premium"
26490,39995,2012,"Gray","Used","NY","Premium"
28041,75900,2013,"Black","CPO","NY","Harman Kardon"
9,104665,2014,"Black","New","FL","unsp"
6,100845,2014,"Black","New","CA","unsp"
12,109915,2014,"Silver","New","MA","unsp"
10,105395,2014,"Silver","New","PA","Premium"
21,135945,2014,"Black","New","KS","Premium"
79879,27900,2007,"Gray","Used","FL","Harman Kardon"
70190,33988,2008,"Black","Used","CA","unsp"
27261,27000,2007,"Black","Used","FL","Harman Kardon"
64132,35990,2010,"Silver","Used","CA","unsp"
44625,33995,2011,"Black","Used","CA","unsp"
73217,34256,2011,"Silver","Used","FL","unsp"
11168,78888,2013,"White","CPO","WA","unsp"
93549,24999,2007,"Black","Used","MA","Premium"
73894,25989,2008,"Silver","Used","PA","unsp"
101327,24995,2007,"Black","Used","MI","Harman Kardon"
34923,48795,2011,"Black","CPO","VA","Harman Kardon"
48190,42986,2011,"Black","Used","MD","Premium"
34251,42994,2010,"Black","Used","CO","unsp"
31750,48975,2011,"Black","Used","MD","Harman Kardon"
12234,69990,2013,"Black","CPO","GA","Harman Kardon"
26555,65996,2013,"Silver","CPO","NJ","Premium"
37700,55980,2012,"Silver","Used","KY","Premium"
22,112265,2014,"Black","New","NJ","Premium"
12,104975,2014,"Black","New","TX","unsp"
21,104165,2014,"Black","New","FL","unsp"
10,124370,2014,"White","New","CA","unsp"
12,104355,2014,"Silver","New","CA","unsp"
1,117100,2014,"Black","New","FL","Premium"
11,129395,2014,"Red","New","NY","unsp"
19962,67991,2012,"Black","CPO","GA","Harman Kardon"
18518,54987,2012,"Black","CPO","PA","Premium"
9380,64994,2013,"Blue","Used","CA","unsp"
13354,73991,2013,"Silver","CPO","CA","Harman Kardon"
63471,34965,2009,"Black","Used","MO","Harman Kardon"
83317,24995,2008,"Gray","Used","NY","unsp"
27201,44991,2011,"Black","Used","GA","Harman Kardon"
47754,37900,2011,"Black","Used","NJ","Premium"
23496,60990,2012,"Silver","Used","MN","Harman Kardon"
23074,56900,2012,"Silver","CPO","MO","unsp"
33178,42900,2012,"Black","Used","NJ","Harman Kardon"
5,107075,2014,"Silver","New","CA","Premium"
6,112785,2014,"Black","New","MN","Premium"
85499,24544,2007,"Silver","Used","NC","Premium"
82684,26800,2007,"White","Used","MA","unsp"
59515,29300,2007,"Gray","Used","VA","unsp"
52826,39950,2011,"White","Used","TX","Harman Kardon"
15591,39999,2010,"Black","Used","FL","Harman Kardon"
22565,58981,2012,"Black","Used","CA","Harman Kardon"
109153,20890,2007,"Gray","Used","MO","Premium"
94633,26100,2008,"Black","Used","NJ","unsp"
61400,45900,2010,"Silver","Used","NY","Premium"
67,101895,2013,"Silver","New","NY","Harman Kardon"
27583,62998,2012,"Black","CPO","NY","unsp"
11,114230,2014,"Silver","New","FL","Premium"
5822,102995,2014,"Silver","Used","MI","Premium"
6,109915,2014,"Black","New","NY","unsp"
12,121875,2014,"Black","New","NJ","Premium"
45,110265,2014,"Silver","New","NJ","Premium"
92116,23794,2009,"White","Used","NJ","Harman Kardon"
49227,36890,2007,"Gray","Used","FL","unsp"
35584,42999,2010,"Black","Used","TX","Harman Kardon"
28022,47998,2010,"Gray","Used","FL","unsp"
59411,44888,2010,"Silver","CPO","CA","Harman Kardon"
67838,24990,2007,"Silver","Used","NY","Harman Kardon"
34880,44900,2011,"Black","Used","CA","Premium"
26845,59900,2012,"Black","CPO","NC","Premium"
16650,48995,2012,"Black","Used","NY","unsp"
11684,64991,2012,"Black","Used","NJ","Premium"
31812,54996,2013,"White","Used","TX","unsp"
27601,55817,2013,"Black","Used","FL","Harman Kardon"
12871,62995,2012,"Black","Used","MA","unsp"
2976,72900,2012,"Black","Used","NY","unsp"
12,100845,2014,"Silver","New","CA","unsp"
10,101577,2014,"White","New","PA","Premium"
14,107775,2014,"Blue","New","TX","unsp"
68872,33999,2008,"Gray","Used","NV","unsp"
112000,20999,2007,"Black","Used","NV","unsp"
50351,29999,2008,"Silver","Used","GA","Premium"
85000,32900,2007,"Black","Used","CA","unsp"
75629,30995,2009,"White","Used","CA","Premium"
65014,39990,2010,"White","Used","CA","unsp"
21878,61995,2011,"White","CPO","CA","Premium"
48187,45000,2011,"Black","Used","AZ","unsp"
18511,60882,2013,"White","Used","FL","unsp"
16168,63492,2013,"Black","Used","FL","unsp"
45670,36890,2009,"Black","Used","NJ","Premium"
93573,25900,2007,"Silver","Used","IL","unsp"
47631,92350,2009,"Black","Used","NJ","Premium"
38633,39587,2009,"Black","Used","IL","Harman Kardon"
21334,46995,2010,"Black","Used","CA","unsp"
63277,37850,2010,"Black","Used","TX","Harman Kardon"
27811,69991,2012,"Black","CPO","OH","Premium"
28819,63992,2012,"Black","CPO","GA","Premium"
15092,52995,2013,"Black","Used","TX","Harman Kardon"
10,110575,2014,"Black","New","MD","unsp"
10,104960,2014,"White","New","FL","unsp"
8,114365,2014,"Silver","New","NH","unsp"
52,114225,2014,"White","New","NC","unsp"
84196,30000,2008,"Silver","Used","GA","Harman Kardon"
30085,34210,2007,"Blue","Used","TN","unsp"
45003,47981,2011,"Gray","CPO","CA","unsp"
35884,46995,2012,"Black","Used","TX","Premium"
14944,57981,2012,"White","Used","CA","Harman Kardon"
11668,67890,2013,"Black","Used","FL","Harman Kardon"
39781,34994,2008,"Silver","Used","NJ","Premium"
58226,39991,2010,"Silver","Used","IL","Premium"
53736,39499,2011,"Silver","Used","MN","unsp"
35331,47598,2012,"Black","CPO","MA","unsp"
20,55365,2013,"Black","New","KY","unsp"
3,103400,2014,"unsp","New","CA","unsp"
10,104085,2014,"Silver","New","CA","unsp"
2687,120465,2014,"Silver","New","NC","unsp"
8,106295,2014,"unsp","New","NJ","unsp"
5,124645,2014,"White","New","CA","unsp"
7,107085,2014,"Black","New","NY","unsp"
3,114355,2014,"unsp","New","CA","unsp"
49708,34988,2008,"Blue","Used","CA","unsp"
106145,28995,2009,"Black","Used","CA","unsp"
73819,32888,2009,"Black","Used","CA","unsp"
98290,26487,2007,"Black","Used","CA","Premium"
71645,27997,2008,"Black","Used","FL","unsp"
88823,24000,2007,"Silver","Used","RI","Harman Kardon"
42748,39991,2010,"Silver","Used","TX","Harman Kardon"
25283,49991,2010,"Silver","Used","FL","Harman Kardon"
42169,47992,2010,"White","Used","FL","Harman Kardon"
24191,56988,2011,"unsp","CPO","CA","Harman Kardon"
9985,64991,2012,"Black","CPO","CA","unsp"
11171,68995,2013,"White","CPO","NV","unsp"
12598,68980,2013,"Silver","CPO","AL","Premium"
48617,27995,2007,"Gray","Used","NJ","Harman Kardon"
42115,51900,2012,"Black","Used","GA","Harman Kardon"
33615,55981,2012,"Black","CPO","PA","Premium"
38504,62002,2012,"White","CPO","NJ","Premium"
22714,58750,2012,"Silver","Used","VA","unsp"
20291,59999,2012,"Black","CPO","NJ","Harman Kardon"
41591,56212,2012,"Blue","CPO","VA","unsp"
21989,63994,2013,"Silver","CPO","IL","Premium"
15,105270,2014,"White","New","NJ","Premium"
43336,38995,2009,"Red","Used","CA","Harman Kardon"
54598,43999,2009,"White","Used","IL","unsp"
119566,20999,2007,"unsp","Used","VA","Harman Kardon"
33077,43000,2009,"Black","Used","AZ","Harman Kardon"
43917,45991,2010,"Silver","Used","FL","Premium"
22488,50000,2011,"White","Used","PA","Harman Kardon"
10369,69983,2013,"Black","CPO","CA","unsp"
11586,56000,2012,"Black","Used","AZ","Premium"
31095,63770,2012,"Brown","CPO","CA","unsp"
20222,62994,2013,"Black","Used","TX","Harman Kardon"
22491,68981,2013,"Silver","CPO","CA","unsp"
30031,64900,2013,"White","CPO","IL","Premium"
46139,46995,2012,"Black","Used","IL","Harman Kardon"
13363,65999,2013,"Black","CPO","MD","Premium"
33917,52899,2012,"Silver","CPO","CT","unsp"
42071,52977,2013,"Black","Used","VA","Premium"
15,138635,2014,"Black","New","CA","unsp"
9,104921,2014,"Black","New","CA","unsp"
106688,24900,2008,"Gold","Used","PA","unsp"
80576,26777,2007,"Black","Used","CA","Harman Kardon"
54401,24999,2007,"Black","Used","FL","Premium"
58925,27995,2007,"Black","Used","CA","unsp"
103846,19995,2007,"Silver","Used","TX","Premium"
57572,39393,2010,"White","Used","FL","unsp"
29746,53000,2010,"Blue","CPO","FL","Premium"
26581,53981,2012,"Black","CPO","CA","unsp"
35254,20999,2012,"Black","Used","CA","Premium"
35643,48990,2012,"Black","Used","CA","unsp"
55396,28995,2007,"Black","Used","NJ","Premium"
47035,38995,2010,"Black","Used","MD","unsp"
19954,56950,2013,"Blue","Used","TN","Harman Kardon"
38628,49800,2013,"Gray","Used","IL","Harman Kardon"
17474,56498,2012,"Black","CPO","MA","unsp"
14665,69998,2013,"Black","Used","MA","unsp"
5,102625,2014,"Black","New","CA","unsp"
5,104665,2014,"Silver","New","FL","unsp"
8703,92991,2014,"Silver","CPO","KY","unsp"
1336,106900,2014,"White","Used","MO","Premium"
8,109330,2014,"White","New","MN","Premium"
10,112365,2014,"Blue","New","NY","Premium"
8,121985,2014,"Silver","New","NY","unsp"
85689,25988,2007,"Black","Used","TX","unsp"
63840,28991,2007,"Blue","Used","FL","Harman Kardon"
35394,35000,2007,"Silver","Used","FL","unsp"
69000,31895,2008,"Black","Used","FL","Harman Kardon"
94877,34995,2007,"White","Used","LA","Premium"
24957,58961,2011,"Black","CPO","NC","Premium"
43277,42959,2011,"White","Used","FL","Harman Kardon"
46330,53888,2011,"Black","CPO","CA","Premium"
22295,63991,2013,"White","CPO","FL","Premium"
125035,24895,2008,"Blue","Used","VA","unsp"
103000,21995,2008,"Gray","Used","CT","Premium"
27106,69961,2013,"Black","Used","MO","Premium"
18751,66000,2013,"Black","CPO","NY","Harman Kardon"
5,103295,2014,"Black","New","FL","unsp"
10,95120,2014,"White","New","CA","unsp"
12,107975,2014,"Silver","New","TX","unsp"
967,118265,2014,"Silver","New","NJ","Premium"
32,104985,2014,"Black","New","CA","unsp"
12,108745,2014,"Blue","New","MA","unsp"
10,115035,2014,"Black","New","PA","Premium"
5,114875,2014,"Blue","New","WA","unsp"
110489,27988,2007,"Black","Used","WA","Harman Kardon"
58300,23995,2007,"Black","Used","CT","Premium"
112625,23995,2007,"Blue","Used","MN","Harman Kardon"
47487,34890,2008,"Black","Used","TX","Premium"
9016,56981,2011,"Blue","Used","CA","Bang Olufsen"
34487,66992,2012,"unsp","CPO","CA","Bang Olufsen"
14894,24999,2007,"Gray","Used","NY","Premium"
46663,37900,2011,"Silver","Used","NJ","Bang Olufsen"
14949,62997,2012,"Silver","Used","MD","Harman Kardon"
24981,61001,2013,"Silver","CPO","NJ","Premium"
14125,62900,2013,"White","CPO","NY","Premium"
1826,95882,2014,"White","Used","CA","unsp"
19,110215,2014,"Black","New","CA","unsp"
11,128625,2014,"Silver","New","FL","unsp"
13783,98688,2014,"Black","New","MO","Premium"
106,107085,2014,"Black","New","NY","unsp"
33030,62995,2012,"Black","CPO","NV","unsp"
23175,55650,2013,"White","Used","TX","Harman Kardon"
26202,57995,2013,"Black","Used","TX","Harman Kardon"
27309,55900,2012,"Black","Used","FL","Premium"
173359,10200,2007,"Black","Used","NY","unsp"
35726,40991,2008,"Black","Used","FL","Harman Kardon"
86277,35900,2010,"Silver","Used","NJ","Premium"
41827,43999,2011,"Black","Used","FL","Harman Kardon"
38868,51992,2011,"Black","Used","NJ","Premium"
24651,62900,2012,"White","CPO","MO","unsp"
15726,59998,2012,"Black","Used","MA","unsp"
31641,44895,2012,"Silver","Used","VA","unsp"
10,104790,2014,"Silver","New","CA","unsp"
5,109100,2014,"Silver","New","IL","unsp"
14,109035,2014,"White","New","PA","Premium"
114940,17999,2007,"Black","Used","NY","unsp"
77556,33900,2009,"Black","Used","AZ","Harman Kardon"
62496,49450,2008,"Black","Used","TX","Harman Kardon"
112238,26988,2007,"Silver","Used","NC","unsp"
16571,39991,2008,"Black","Used","FL","unsp"
107550,21995,2007,"Silver","Used","TX","Premium"
28338,57988,2011,"Black","CPO","CA","Premium"
29253,47999,2010,"White","Used","FL","Premium"
45014,51991,2011,"Gray","CPO","FL","Harman Kardon"
186,123055,2013,"Gray","New","CA","unsp"
23791,70481,2013,"Silver","CPO","NC","Harman Kardon"
79296,30777,2008,"White","Used","MD","unsp"
104050,21494,2007,"White","Used","NJ","unsp"
96182,27882,2008,"Black","Used","NC","unsp"
36710,49875,2011,"Black","CPO","RI","unsp"
17802,61488,2012,"Black","CPO","MO","unsp"
26529,55992,2012,"Black","Used","IL","Harman Kardon"
33171,57950,2012,"Black","CPO","IL","Harman Kardon"
33720,50999,2013,"Black","Used","FL","Premium"
26247,68960,2012,"Black","CPO","MD","Premium"
26480,62991,2013,"Black","Used","NJ","Premium"
3,105585,2014,"unsp","New","CA","unsp"
5,106655,2014,"Black","New","FL","unsp"
13,117565,2014,"Black","New","FL","unsp"
77724,23477,2007,"Black","Used","IL","unsp"
38093,54995,2012,"Black","Used","CA","Harman Kardon"
36847,48991,2011,"White","CPO","FL","Harman Kardon"
53892,40995,2011,"Black","Used","GA","Harman Kardon"
46403,35700,2010,"Black","Used","MD","unsp"
20996,56997,2012,"Black","CPO","MD","unsp"
38891,57950,2012,"Black","CPO","MD","Premium"
30057,98905,2013,"Black","Used","MA","unsp"
14690,61975,2012,"Black","Used","NY","unsp"
30,101990,2014,"White","New","NJ","Premium"
12,119505,2014,"Black","New","FL","Premium"
11,103660,2014,"White","New","FL","unsp"
10,106785,2014,"Black","New","NJ","Premium"
73418,31888,2008,"White","Used","CA","Premium"
96554,22995,2007,"Gray","Used","GA","Premium"
82442,29995,2007,"Black","Used","FL","unsp"
91600,24990,2007,"Silver","Used","TX","Premium"
127064,19997,2008,"White","Used","OH","unsp"
86400,28995,2008,"White","Used","FL","Premium"
49135,41999,2010,"Silver","Used","CA","unsp"
31469,53991,2011,"White","CPO","FL","Premium"
25667,55986,2011,"Black","Used","CA","unsp"
80923,28966,2008,"White","Used","VA","Premium"
26563,61960,2011,"Silver","CPO","MD","Premium"
35888,49995,2010,"White","Used","NJ","unsp"
62685,48993,2010,"White","Used","NY","Harman Kardon"
38996,56991,2011,"Silver","CPO","NY","Harman Kardon"
31987,66991,2012,"Silver","CPO","NY","unsp"
20809,63980,2012,"unsp","CPO","NY","Harman Kardon"
11,109375,2014,"Black","New","CA","Premium"
5,98437,2014,"Silver","New","VA","unsp"
99690,29950,2008,"Black","Used","TX","Premium"
105894,21995,2007,"White","Used","CA","Premium"
50846,37991,2009,"Silver","Used","TX","Harman Kardon"
33493,56991,2011,"White","Used","CA","unsp"
28930,63482,2013,"White","CPO","NC","Premium"
8136,79990,2013,"Black","CPO","NC","Premium"
7289,59995,2012,"Black","Used","FL","unsp"
8506,64991,2012,"White","Used","FL","Harman Kardon"
52939,44000,2011,"White","Used","NJ","Premium"
40097,49989,2011,"Gray","CPO","NC","Premium"
28767,49777,2012,"Red","Used","VA","Harman Kardon"
21789,66900,2012,"White","CPO","NY","unsp"
30808,56995,2012,"Silver","Used","TX","Premium"
7,102765,2014,"Silver","New","CA","unsp"
5,107925,2014,"Black","New","FL","unsp"
52,114245,2014,"Black","New","CA","Premium"
9398,104925,2014,"Black","New","WA","Premium"
39788,43877,2009,"unsp","Used","GA","Harman Kardon"
81692,23950,2007,"Silver","Used","VA","unsp"
17368,69777,2013,"Black","CPO","CA","Harman Kardon"
17998,65892,2012,"Red","CPO","CA","unsp"
32187,64991,2012,"Silver","CPO","TX","Bang Olufsen"
26761,67677,2012,"Silver","Used","WA","Premium"
23904,58981,2012,"Blue","CPO","CA","unsp"
5270,76995,2013,"Black","CPO","NV","unsp"
59350,30995,2007,"White","Used","OH","Premium"
16300,38900,2007,"Silver","Used","KS","Premium"
74500,35000,2009,"Black","Used","NE","Harman Kardon"
14530,42900,2011,"Black","Used","CT","Premium"
14579,46900,2010,"Black","CPO","NY","unsp"
27185,56991,2011,"Black","CPO","GA","unsp"
16724,59995,2013,"Black","Used","NJ","Premium"
15,117585,2014,"White","New","FL","Premium"
24,106540,2014,"White","New","MA","unsp"
13,107085,2014,"Blue","New","OH","unsp"
15,121940,2014,"Blue","New","FL","Premium"
23930,47900,2009,"Red","CPO","CA","unsp"
36468,32900,2007,"Silver","Used","FL","Harman Kardon"
56522,39900,2008,"White","Used","FL","unsp"
88761,30999,2009,"White","Used","CA","Harman Kardon"
62116,28465,2007,"Black","Used","GA","unsp"
35828,55443,2011,"Black","CPO","CA","unsp"
50083,35500,2008,"Black","Used","FL","Premium"
82035,27990,2008,"White","Used","NJ","unsp"
66925,22988,2007,"Black","Used","FL","Premium"
102900,18995,2007,"Black","Used","CT","Premium"
56910,36691,2008,"unsp","Used","TX","Harman Kardon"
81830,23699,2007,"Black","Used","IN","unsp"
58509,36000,2009,"Blue","Used","CO","Harman Kardon"
15597,48950,2011,"Black","Used","TX","Harman Kardon"
2911,101995,2014,"Black","CPO","FL","unsp"
10,102885,2014,"Black","CPO","GA","unsp"
19,106222,2014,"White","New","CA","unsp"
1,106585,2014,"Silver","New","NJ","Premium"
19,116765,2014,"Black","New","IL","unsp"
54510,29975,2007,"Gray","Used","CA","Harman Kardon"
60742,29995,2007,"Silver","Used","GA","Harman Kardon"
113558,19995,2007,"Silver","Used","MD","unsp"
51835,32000,2008,"Black","Used","OK","Premium"
29936,41972,2010,"White","CPO","TN","Harman Kardon"
32980,56988,2011,"Silver","Used","NC","unsp"
17337,53993,2010,"Silver","CPO","NM","Premium"
29075,59995,2012,"White","Used","WA","unsp"
17200,69295,2013,"White","Used","FL","Harman Kardon"
21843,64990,2013,"Black","CPO","FL","Premium"
17545,64994,2012,"Silver","CPO","FL","Premium"
31078,46900,2010,"Black","CPO","IL","Premium"
43173,36999,2011,"Blue","Used","FL","Premium"
26127,57991,2010,"Silver","CPO","FL","Harman Kardon"
11905,80981,2013,"White","CPO","PA","Premium"
33125,59979,2012,"Black","CPO","IN","unsp"
18112,57096,2012,"Black","CPO","PA","unsp"
36675,50110,2012,"White","Used","NJ","unsp"
24222,59800,2013,"Black","Used","MS","unsp"
5,114800,2014,"Black","New","TX","unsp"
14,104165,2014,"Silver","New","VA","unsp"
47648,26999,2007,"Gray","Used","OH","Premium"
82172,28999,2008,"White","Used","TX","Premium"
88766,26995,2007,"Silver","Used","VA","unsp"
44651,27975,2007,"Black","Used","FL","unsp"
70674,26900,2007,"Silver","Used","FL","unsp"
28553,39995,2009,"Gray","Used","FL","unsp"
33918,53900,2011,"White","CPO","FL","unsp"
18500,57995,2012,"Black","Used","CA","Harman Kardon"
78874,29988,2008,"Black","Used","MD","unsp"
59521,34499,2009,"Black","Used","GA","Premium"
29179,38999,2010,"Gray","Used","FL","Premium"
54471,44999,2011,"Black","Used","OH","unsp"
7991,54995,2011,"unsp","Used","NJ","Harman Kardon"
27065,52899,2012,"Black","Used","KS","Premium"
6771,59900,2013,"Silver","Used","GA","Harman Kardon"
17406,69900,2013,"Black","CPO","NJ","unsp"
5,108365,2014,"unsp","New","FL","unsp"
11,102815,2014,"Black","New","FL","unsp"
9,123395,2014,"White","New","NJ","unsp"
118145,20975,2007,"Gray","Used","LA","Harman Kardon"
21038,47981,2010,"White","Used","FL","unsp"
39437,47900,2010,"Silver","Used","CA","Premium"
38269,38900,2010,"Silver","Used","MA","unsp"
64069,56888,2013,"Silver","Used","CA","unsp"
86209,27995,2008,"Black","Used","NC","unsp"
55122,39995,2007,"Silver","Used","NJ","Harman Kardon"
51431,36995,2008,"Gray","Used","MO","unsp"
19126,49471,2011,"Silver","Used","VA","Premium"
70276,29988,2010,"Black","Used","FL","Harman Kardon"
10139,59995,2013,"Gray","Used","TX","Harman Kardon"
41679,47500,2012,"Brown","Used","WA","Premium"
26661,58995,2012,"White","Used","VA","unsp"
10936,72885,2012,"Black","CPO","NJ","unsp"
53089,54995,2012,"White","Used","WI","Premium"
28651,48995,2012,"Black","Used","CA","unsp"
42050,51999,2013,"Black","Used","FL","Premium"
12,103615,2014,"Silver","New","MA","unsp"
3205,102455,2014,"Black","Used","MD","unsp"
2938,96490,2014,"Blue","Used","NY","Premium"
83304,36888,2010,"Black","Used","TX","Harman Kardon"
63215,34999,2010,"Gray","Used","FL","Harman Kardon"
36197,49999,2011,"Black","Used","CA","unsp"
21337,61994,2013,"White","Used","TX","Harman Kardon"
23713,63770,2012,"White","CPO","CA","unsp"
38353,54193,2012,"Silver","Used","FL","unsp"
15744,67500,2013,"Black","Used","FL","Premium"
14744,73995,2013,"White","Used","NC","Premium"
12546,58981,2012,"Silver","CPO","CA","unsp"
21819,66489,2013,"Black","CPO","CA","unsp"
112052,17243,2007,"Silver","Used","PA","Premium"
20060,51888,2011,"Black","Used","VA","Harman Kardon"
66108,36000,2010,"Black","Used","OH","Premium"
25475,61999,2012,"Black","Used","KY","unsp"
8000,74999,2012,"Black","CPO","NJ","Premium"
11,116775,2014,"Black","New","FL","unsp"
5,113225,2014,"Black","New","GA","unsp"
2463,93825,2014,"Black","CPO","RI","unsp"
25,105920,2014,"White","New","HI","Premium"
5553,99900,2014,"Black","CPO","NJ","unsp"
106481,27995,2007,"Gray","Used","TX","unsp"
31685,36950,2007,"Gray","Used","FL","unsp"
35872,37994,2009,"Black","Used","FL","unsp"
55571,31500,2007,"Silver","Used","NC","unsp"
69181,26900,2007,"Blue","Used","FL","Premium"
8165,64450,2012,"Black","Used","TX","Harman Kardon"
25538,49995,2012,"Gray","Used","TX","Harman Kardon"
48906,27000,2007,"Gray","Used","NJ","Premium"
33837,46993,2011,"Black","Used","NY","Harman Kardon"
37849,45995,2010,"Black","Used","NY","unsp"
87192,35621,2011,"Silver","Used","NJ","Premium"
18362,69991,2013,"Black","CPO","OH","Premium"
10167,63995,2013,"White","CPO","NJ","Premium"
12398,62977,2013,"Black","CPO","NH","Harman Kardon"
647,87991,2014,"Silver","Used","GA","Premium"
9,114875,2014,"Black","New","IL","unsp"
6,116960,2014,"White","New","CO","unsp"
10,104965,2014,"Black","New","NY","Premium"
77170,24995,2007,"Gray","Used","CA","Harman Kardon"
61387,29988,2007,"Gray","Used","AZ","Premium"
115750,19995,2007,"Beige","Used","NJ","unsp"
34833,33800,2007,"Black","Used","NC","Harman Kardon"
52240,32995,2008,"Blue","Used","TX","Harman Kardon"
16591,68900,2013,"Black","CPO","NC","Premium"
67129,31989,2008,"White","Used","GA","unsp"
36013,46880,2011,"Brown","Used","WA","Harman Kardon"
58358,45999,2012,"Black","Used","FL","Premium"
2083,103235,2013,"Black","New","IL","unsp"
10,105935,2014,"Blue","New","CA","unsp"
2200,112265,2014,"Red","Used","NY","unsp"
999,106235,2014,"Black","New","DE","unsp"
11,104125,2014,"Silver","New","NJ","Premium"
54085,32990,2008,"White","Used","FL","Harman Kardon"
82553,31988,2007,"Black","Used","NC","unsp"
82496,28995,2008,"Black","Used","FL","unsp"
81677,24995,2007,"White","Used","TX","Premium"
34078,52997,2011,"Black","Used","CA","Harman Kardon"
3983,69899,2013,"Silver","CPO","TX","Harman Kardon"
22403,65999,2013,"Black","CPO","TN","Harman Kardon"
15814,63981,2012,"Black","CPO","CA","Harman Kardon"
168689,19988,2008,"Silver","Used","NH","Premium"
66079,30998,2008,"Black","Used","VA","Premium"
85423,27991,2008,"Black","Used","OH","Premium"
74300,29900,2008,"Black","Used","IL","unsp"
50477,43777,2011,"Black","Used","VA","Harman Kardon"
48303,54999,2011,"Black","Used","IL","unsp"
61299,42995,2011,"Black","Used","CA","Premium"
24851,46800,2010,"Black","Used","OK","unsp"
53790,39995,2011,"Black","Used","IL","Harman Kardon"
25113,51771,2010,"Black","CPO","PA","Premium"
24648,47995,2011,"Black","Used","NY","Premium"
37686,53475,2011,"Silver","Used","NJ","Harman Kardon"
31941,63988,2013,"White","Used","OK","Premium"
19839,68995,2013,"Silver","CPO","VA","Harman Kardon"
11,110015,2014,"Black","New","FL","unsp"
5,116325,2014,"Silver","New","CA","unsp"
53,113675,2014,"Black","New","NV","unsp"
10,103645,2014,"Black","New","CA","unsp"
87265,19995,2008,"Gray","Used","NJ","Harman Kardon"
84732,23990,2007,"Blue","Used","SC","Harman Kardon"
106965,23983,2008,"Silver","Used","FL","unsp"
80000,25998,2007,"Black","Used","CA","Premium"
35187,33880,2007,"Black","Used","CA","Premium"
72394,22495,2007,"Silver","Used","LA","unsp"
26300,56988,2012,"White","CPO","CA","Premium"
14924,60991,2012,"Black","CPO","GA","unsp"
13368,62991,2012,"Silver","CPO","CA","Premium"
13576,63995,2013,"White","CPO","CA","Harman Kardon"
34947,59900,2012,"White","Used","FL","Premium"
113433,21995,2009,"Black","Used","NY","Premium"
92524,25995,2007,"Black","Used","FL","Premium"
22731,55564,2011,"White","Used","VA","unsp"
49154,48881,2010,"Black","Used","LA","unsp"
13235,61882,2013,"Black","CPO","TX","unsp"
21671,57900,2012,"Black","Used","NY","Harman Kardon"
39552,65823,2013,"Silver","CPO","NC","Premium"
35,125435,2014,"Black","New","AL","Premium"
5,99945,2014,"Black","New","CA","Premium"
